<?xml version="1.0" encoding="UTF-8"?>
<project-private xmlns="http://www.netbeans.org/ns/project-private/1">
    <editor-bookmarks xmlns="http://www.netbeans.org/ns/editor-bookmarks/2" lastBookmarkId="0"/>
    <open-files xmlns="http://www.netbeans.org/ns/projectui-open-files/2">
        <group>
            <file>file:/T:/ISS-ICS3U1-2/juli0861/Unit%205/ArrayProjct/src/TestMarker.java</file>
            <file>file:/T:/ISS-ICS3U1-2/juli0861/Unit%205/ArrayProjct/src/BowlingScoreApp.java</file>
            <file>file:/T:/ISS-ICS3U1-2/juli0861/Unit%205/ArrayProjct/src/PennyPitch.java</file>
            <file>file:/T:/ISS-ICS3U1-2/juli0861/Unit%205/ArrayProjct/src/ReportCard.java</file>
        </group>
    </open-files>
</project-private>
